event_date,source,medium,campaign,user_sessions_count,visit_to_cart,visit_to_checkout,visit_to_purchase,visit_to_cart_rate,visit_to_checkout_rate,visit_to_purchase_rate
2021-01-01,(data deleted),(data deleted),(data deleted),85,5,2,2,0.058823529411764705,0.023529411764705882,0.023529411764705882
2021-01-01,(data deleted),(data deleted),<Other>,3,0,0,0,0.0,0.0,0.0
2021-01-01,(direct),(none),(direct),564,23,8,5,0.040780141843971635,0.014184397163120567,0.0088652482269503553
2021-01-01,<Other>,(data deleted),(data deleted),2,0,0,0,0.0,0.0,0.0
2021-01-01,<Other>,<Other>,<Other>,377,7,6,0,0.018567639257294429,0.015915119363395226,0.0
2021-01-01,<Other>,organic,(organic),64,1,0,0,0.015625,0.0,0.0
2021-01-01,<Other>,referral,(referral),211,6,1,1,0.02843601895734597,0.0047393364928909956,0.0047393364928909956
2021-01-01,google,cpc,<Other>,103,2,1,1,0.019417475728155338,0.0097087378640776691,0.0097087378640776691
2021-01-01,google,organic,(organic),746,20,8,3,0.026809651474530832,0.010723860589812333,0.0040214477211796247
2021-01-01,shop.googlemerchandisestore.com,referral,(referral),134,3,0,0,0.022388059701492536,0.0,0.0
2021-01-02,(data deleted),(data deleted),(data deleted),96,4,5,1,0.041666666666666664,0.052083333333333336,0.010416666666666666
2021-01-02,(data deleted),(data deleted),<Other>,3,0,0,0,0.0,0.0,0.0
2021-01-02,(direct),(none),(direct),633,14,5,2,0.022116903633491312,0.0078988941548183249,0.00315955766192733
2021-01-02,<Other>,<Other>,<Other>,428,17,6,2,0.0397196261682243,0.014018691588785047,0.0046728971962616819
2021-01-02,<Other>,organic,(organic),72,0,0,0,0.0,0.0,0.0
2021-01-02,<Other>,referral,(referral),281,6,3,2,0.021352313167259787,0.010676156583629894,0.0071174377224199285
2021-01-02,google,cpc,<Other>,147,1,0,0,0.0068027210884353739,0.0,0.0
2021-01-02,google,organic,(organic),896,19,12,6,0.021205357142857144,0.013392857142857142,0.0066964285714285711
2021-01-02,shop.googlemerchandisestore.com,referral,(referral),149,3,1,1,0.020134228187919462,0.0067114093959731542,0.0067114093959731542
2021-01-03,(data deleted),(data deleted),(data deleted),92,7,4,3,0.076086956521739135,0.043478260869565216,0.032608695652173912
2021-01-03,(data deleted),(data deleted),<Other>,4,0,0,0,0.0,0.0,0.0
2021-01-03,(direct),(none),(direct),634,11,5,2,0.017350157728706624,0.0078864353312302835,0.0031545741324921135
2021-01-03,<Other>,(data deleted),(data deleted),2,0,0,0,0.0,0.0,0.0
2021-01-03,<Other>,<Other>,<Other>,476,13,8,4,0.0273109243697479,0.01680672268907563,0.0084033613445378148
2021-01-03,<Other>,organic,(organic),91,1,0,0,0.01098901098901099,0.0,0.0
2021-01-03,<Other>,referral,(referral),280,3,1,1,0.010714285714285714,0.0035714285714285713,0.0035714285714285713
2021-01-03,google,cpc,<Other>,109,1,2,1,0.0091743119266055051,0.01834862385321101,0.0091743119266055051
2021-01-03,google,organic,(organic),891,15,7,1,0.016835016835016835,0.0078563411896745237,0.0011223344556677891
2021-01-03,shop.googlemerchandisestore.com,referral,(referral),174,6,4,2,0.034482758620689655,0.022988505747126436,0.011494252873563218
2021-01-04,(data deleted),(data deleted),(data deleted),143,8,4,3,0.055944055944055944,0.027972027972027972,0.02097902097902098
2021-01-04,(data deleted),(data deleted),<Other>,3,0,0,0,0.0,0.0,0.0
2021-01-04,(direct),(none),(direct),784,15,7,4,0.01913265306122449,0.0089285714285714281,0.00510204081632653
2021-01-04,<Other>,(data deleted),(data deleted),3,0,0,0,0.0,0.0,0.0
2021-01-04,<Other>,<Other>,<Other>,510,11,4,1,0.021568627450980392,0.00784313725490196,0.00196078431372549
2021-01-04,<Other>,organic,(organic),94,2,1,0,0.021276595744680851,0.010638297872340425,0.0
2021-01-04,<Other>,referral,(referral),323,15,3,1,0.046439628482972138,0.0092879256965944269,0.0030959752321981426
2021-01-04,google,cpc,<Other>,162,2,0,0,0.012345679012345678,0.0,0.0
2021-01-04,google,organic,(organic),1066,39,10,5,0.036585365853658534,0.0093808630393996256,0.0046904315196998128
2021-01-04,shop.googlemerchandisestore.com,referral,(referral),229,6,0,0,0.026200873362445413,0.0,0.0
2021-01-05,(data deleted),(data deleted),(data deleted),176,9,5,5,0.05113636363636364,0.028409090909090908,0.028409090909090908
2021-01-05,(direct),(none),(direct),1021,28,7,4,0.02742409402546523,0.0068560235063663075,0.0039177277179236044
2021-01-05,<Other>,(data deleted),(data deleted),2,0,0,0,0.0,0.0,0.0
2021-01-05,<Other>,<Other>,<Other>,664,19,3,1,0.0286144578313253,0.0045180722891566263,0.0015060240963855422
2021-01-05,<Other>,organic,(organic),130,4,0,0,0.030769230769230771,0.0,0.0
2021-01-05,<Other>,referral,(referral),438,17,9,1,0.038812785388127852,0.020547945205479451,0.00228310502283105
2021-01-05,google,cpc,<Other>,197,9,2,1,0.045685279187817257,0.01015228426395939,0.005076142131979695
2021-01-05,google,organic,(organic),1476,45,20,13,0.03048780487804878,0.013550135501355014,0.0088075880758807581
2021-01-05,shop.googlemerchandisestore.com,referral,(referral),306,19,7,3,0.062091503267973858,0.022875816993464051,0.00980392156862745
2021-01-06,(data deleted),(data deleted),(data deleted),263,15,8,2,0.057034220532319393,0.030418250950570342,0.0076045627376425855
2021-01-06,(data deleted),(data deleted),<Other>,8,1,1,1,0.125,0.125,0.125
2021-01-06,(direct),(none),(direct),1408,36,14,8,0.02556818181818182,0.009943181818181818,0.005681818181818182
2021-01-06,<Other>,(data deleted),(data deleted),4,0,0,0,0.0,0.0,0.0
2021-01-06,<Other>,<Other>,<Other>,902,25,7,3,0.02771618625277162,0.0077605321507760536,0.0033259423503325942
2021-01-06,<Other>,organic,(organic),187,5,2,1,0.026737967914438502,0.0106951871657754,0.0053475935828877
2021-01-06,<Other>,referral,(referral),567,19,9,6,0.033509700176366841,0.015873015873015872,0.010582010582010581
2021-01-06,google,cpc,<Other>,261,10,2,1,0.038314176245210725,0.0076628352490421452,0.0038314176245210726
2021-01-06,google,organic,(organic),1930,53,17,4,0.027461139896373058,0.0088082901554404139,0.0020725388601036268
2021-01-06,shop.googlemerchandisestore.com,referral,(referral),421,12,4,1,0.028503562945368172,0.0095011876484560574,0.0023752969121140144
2021-01-07,(data deleted),(data deleted),(data deleted),239,14,10,5,0.058577405857740586,0.041841004184100417,0.020920502092050208
2021-01-07,(data deleted),(data deleted),<Other>,4,1,0,0,0.25,0.0,0.0
2021-01-07,(direct),(none),(direct),1061,43,13,7,0.040527803958529687,0.012252591894439209,0.0065975494816211122
2021-01-07,<Other>,(data deleted),(data deleted),1,0,0,0,0.0,0.0,0.0
2021-01-07,<Other>,<Other>,<Other>,680,24,5,1,0.035294117647058823,0.0073529411764705881,0.0014705882352941176
2021-01-07,<Other>,organic,(organic),136,3,1,1,0.022058823529411766,0.0073529411764705881,0.0073529411764705881
2021-01-07,<Other>,referral,(referral),406,10,3,1,0.024630541871921183,0.0073891625615763543,0.0024630541871921183
2021-01-07,google,cpc,<Other>,206,5,1,0,0.024271844660194174,0.0048543689320388345,0.0
2021-01-07,google,organic,(organic),1539,51,21,10,0.033138401559454189,0.01364522417153996,0.00649772579597141
2021-01-07,shop.googlemerchandisestore.com,referral,(referral),335,21,6,0,0.0626865671641791,0.017910447761194031,0.0
2021-01-08,(data deleted),(data deleted),(data deleted),213,18,7,2,0.084507042253521125,0.032863849765258218,0.0093896713615023476
2021-01-08,(data deleted),(data deleted),<Other>,8,0,0,0,0.0,0.0,0.0
2021-01-08,(direct),(none),(direct),1006,38,19,13,0.037773359840954271,0.018886679920477135,0.012922465208747515
2021-01-08,<Other>,(data deleted),(data deleted),3,0,0,0,0.0,0.0,0.0
2021-01-08,<Other>,<Other>,<Other>,619,16,7,5,0.025848142164781908,0.011308562197092083,0.0080775444264943458
2021-01-08,<Other>,organic,(organic),136,6,3,2,0.044117647058823532,0.022058823529411766,0.014705882352941176
2021-01-08,<Other>,referral,(referral),401,14,7,3,0.034912718204488775,0.017456359102244388,0.007481296758104738
2021-01-08,google,cpc,<Other>,183,8,3,3,0.043715846994535519,0.016393442622950821,0.016393442622950821
2021-01-08,google,organic,(organic),1337,38,9,3,0.028421839940164548,0.0067314884068810773,0.002243829468960359
2021-01-08,shop.googlemerchandisestore.com,referral,(referral),311,18,7,2,0.057877813504823149,0.022508038585209004,0.0064308681672025723
2021-01-09,(data deleted),(data deleted),(data deleted),147,11,3,3,0.074829931972789115,0.020408163265306121,0.020408163265306121
2021-01-09,(data deleted),(data deleted),<Other>,1,0,0,0,0.0,0.0,0.0
2021-01-09,(direct),(none),(direct),757,28,8,2,0.036988110964332896,0.010568031704095112,0.0026420079260237781
2021-01-09,<Other>,<Other>,<Other>,485,17,5,1,0.035051546391752578,0.010309278350515464,0.0020618556701030928
2021-01-09,<Other>,organic,(organic),103,2,1,1,0.019417475728155338,0.0097087378640776691,0.0097087378640776691
2021-01-09,<Other>,referral,(referral),304,8,8,5,0.026315789473684209,0.026315789473684209,0.016447368421052631
2021-01-09,google,cpc,<Other>,134,4,2,1,0.029850746268656716,0.014925373134328358,0.007462686567164179
2021-01-09,google,organic,(organic),1067,28,7,3,0.026241799437675725,0.0065604498594189313,0.0028116213683223993
2021-01-09,shop.googlemerchandisestore.com,referral,(referral),241,10,4,2,0.041493775933609957,0.016597510373443983,0.0082987551867219917
2021-01-10,(data deleted),(data deleted),(data deleted),120,3,1,0,0.025,0.0083333333333333332,0.0
2021-01-10,(data deleted),(data deleted),<Other>,3,1,1,1,0.33333333333333331,0.33333333333333331,0.33333333333333331
2021-01-10,(direct),(none),(direct),702,16,7,5,0.022792022792022793,0.0099715099715099714,0.0071225071225071226
2021-01-10,<Other>,(data deleted),(data deleted),4,1,0,0,0.25,0.0,0.0
2021-01-10,<Other>,<Other>,<Other>,479,15,7,3,0.031315240083507306,0.014613778705636743,0.0062630480167014616
2021-01-10,<Other>,organic,(organic),100,3,2,0,0.03,0.02,0.0
2021-01-10,<Other>,referral,(referral),245,12,2,0,0.048979591836734691,0.00816326530612245,0.0
2021-01-10,google,cpc,<Other>,153,2,0,0,0.013071895424836602,0.0,0.0
2021-01-10,google,organic,(organic),968,23,7,3,0.023760330578512397,0.0072314049586776862,0.0030991735537190084
2021-01-10,shop.googlemerchandisestore.com,referral,(referral),200,7,6,3,0.035,0.03,0.015
2021-01-11,(data deleted),(data deleted),(data deleted),208,9,4,1,0.043269230769230768,0.019230769230769232,0.004807692307692308
2021-01-11,(data deleted),(data deleted),<Other>,3,2,1,1,0.66666666666666663,0.33333333333333331,0.33333333333333331
2021-01-11,(direct),(none),(direct),896,32,12,8,0.035714285714285712,0.013392857142857142,0.0089285714285714281
2021-01-11,<Other>,<Other>,<Other>,624,26,11,3,0.041666666666666664,0.017628205128205128,0.004807692307692308
2021-01-11,<Other>,organic,(organic),116,4,2,1,0.034482758620689655,0.017241379310344827,0.0086206896551724137
2021-01-11,<Other>,referral,(referral),367,18,4,3,0.049046321525885561,0.010899182561307902,0.0081743869209809257
2021-01-11,google,cpc,<Other>,162,6,4,2,0.037037037037037035,0.024691358024691357,0.012345679012345678
2021-01-11,google,organic,(organic),1266,46,10,5,0.036334913112164295,0.0078988941548183249,0.0039494470774091624
2021-01-11,shop.googlemerchandisestore.com,referral,(referral),273,16,5,2,0.058608058608058608,0.018315018315018316,0.007326007326007326
2021-01-12,(data deleted),(data deleted),(data deleted),246,11,10,5,0.044715447154471545,0.04065040650406504,0.02032520325203252
2021-01-12,(data deleted),(data deleted),<Other>,5,1,0,0,0.2,0.0,0.0
2021-01-12,(direct),(none),(direct),1084,35,16,12,0.032287822878228782,0.014760147601476014,0.01107011070110701
2021-01-12,<Other>,(data deleted),(data deleted),5,0,0,0,0.0,0.0,0.0
2021-01-12,<Other>,<Other>,<Other>,721,24,10,6,0.033287101248266296,0.013869625520110958,0.008321775312066574
2021-01-12,<Other>,organic,(organic),137,7,4,1,0.051094890510948905,0.029197080291970802,0.0072992700729927005
2021-01-12,<Other>,referral,(referral),462,21,6,2,0.045454545454545456,0.012987012987012988,0.004329004329004329
2021-01-12,google,cpc,<Other>,202,2,2,1,0.0099009900990099011,0.0099009900990099011,0.0049504950495049506
2021-01-12,google,organic,(organic),1475,55,24,10,0.037288135593220341,0.016271186440677966,0.0067796610169491523
2021-01-12,shop.googlemerchandisestore.com,referral,(referral),340,13,7,6,0.038235294117647062,0.020588235294117647,0.017647058823529412
2021-01-13,(data deleted),(data deleted),(data deleted),236,18,12,7,0.076271186440677971,0.050847457627118647,0.029661016949152543
2021-01-13,(data deleted),(data deleted),<Other>,3,1,1,1,0.33333333333333331,0.33333333333333331,0.33333333333333331
2021-01-13,(direct),(none),(direct),1078,37,11,5,0.034322820037105753,0.01020408163265306,0.00463821892393321
2021-01-13,<Other>,(data deleted),(data deleted),3,0,0,0,0.0,0.0,0.0
2021-01-13,<Other>,<Other>,<Other>,676,21,9,4,0.031065088757396449,0.013313609467455622,0.0059171597633136093
2021-01-13,<Other>,organic,(organic),146,6,1,0,0.0410958904109589,0.00684931506849315,0.0
2021-01-13,<Other>,referral,(referral),424,15,9,5,0.035377358490566037,0.021226415094339621,0.01179245283018868
2021-01-13,google,cpc,<Other>,215,5,2,2,0.023255813953488372,0.0093023255813953487,0.0093023255813953487
2021-01-13,google,organic,(organic),1377,58,32,8,0.04212055192447349,0.023238925199709513,0.0058097312999273783
2021-01-13,shop.googlemerchandisestore.com,referral,(referral),319,11,7,3,0.034482758620689655,0.0219435736677116,0.0094043887147335428
2021-01-14,(data deleted),(data deleted),(data deleted),225,16,9,5,0.071111111111111111,0.04,0.022222222222222223
2021-01-14,(data deleted),(data deleted),<Other>,2,0,0,0,0.0,0.0,0.0
2021-01-14,(direct),(none),(direct),1038,51,22,9,0.049132947976878616,0.02119460500963391,0.008670520231213872
2021-01-14,<Other>,(data deleted),(data deleted),6,0,0,0,0.0,0.0,0.0
2021-01-14,<Other>,<Other>,<Other>,626,19,6,5,0.03035143769968051,0.0095846645367412137,0.0079872204472843447
2021-01-14,<Other>,organic,(organic),135,6,1,0,0.044444444444444446,0.0074074074074074077,0.0
2021-01-14,<Other>,referral,(referral),395,19,7,5,0.04810126582278481,0.017721518987341773,0.012658227848101266
2021-01-14,google,cpc,<Other>,187,8,0,0,0.0427807486631016,0.0,0.0
2021-01-14,google,organic,(organic),1359,55,24,13,0.040470934510669611,0.017660044150110375,0.0095658572479764541
2021-01-14,shop.googlemerchandisestore.com,referral,(referral),348,27,13,9,0.077586206896551727,0.037356321839080463,0.025862068965517241
2021-01-15,(data deleted),(data deleted),(data deleted),190,11,3,2,0.057894736842105263,0.015789473684210527,0.010526315789473684
2021-01-15,(data deleted),(data deleted),<Other>,6,1,1,1,0.16666666666666666,0.16666666666666666,0.16666666666666666
2021-01-15,(direct),(none),(direct),937,35,17,10,0.037353255069370331,0.018143009605122731,0.010672358591248666
2021-01-15,<Other>,(data deleted),(data deleted),2,0,0,0,0.0,0.0,0.0
2021-01-15,<Other>,<Other>,<Other>,593,19,9,4,0.032040472175379427,0.015177065767284991,0.0067453625632377737
2021-01-15,<Other>,organic,(organic),108,6,2,1,0.055555555555555552,0.018518518518518517,0.0092592592592592587
2021-01-15,<Other>,referral,(referral),383,20,7,3,0.052219321148825062,0.018276762402088774,0.007832898172323759
2021-01-15,google,cpc,<Other>,160,8,2,1,0.05,0.0125,0.00625
2021-01-15,google,organic,(organic),1246,49,25,14,0.039325842696629212,0.020064205457463884,0.011235955056179775
2021-01-15,shop.googlemerchandisestore.com,referral,(referral),268,15,4,2,0.055970149253731345,0.014925373134328358,0.007462686567164179
2021-01-16,(data deleted),(data deleted),(data deleted),128,12,7,3,0.09375,0.0546875,0.0234375
2021-01-16,(data deleted),(data deleted),<Other>,4,1,0,0,0.25,0.0,0.0
2021-01-16,(direct),(none),(direct),768,33,15,4,0.04296875,0.01953125,0.005208333333333333
2021-01-16,<Other>,(data deleted),(data deleted),3,0,0,0,0.0,0.0,0.0
2021-01-16,<Other>,<Other>,<Other>,482,19,2,2,0.039419087136929459,0.0041493775933609959,0.0041493775933609959
2021-01-16,<Other>,organic,(organic),96,2,0,0,0.020833333333333332,0.0,0.0
2021-01-16,<Other>,referral,(referral),330,13,5,3,0.039393939393939391,0.015151515151515152,0.00909090909090909
2021-01-16,google,cpc,<Other>,117,6,2,1,0.05128205128205128,0.017094017094017096,0.0085470085470085479
2021-01-16,google,organic,(organic),1000,30,17,9,0.03,0.017,0.009
2021-01-16,shop.googlemerchandisestore.com,referral,(referral),218,3,3,2,0.013761467889908258,0.013761467889908258,0.0091743119266055051
2021-01-17,(data deleted),(data deleted),(data deleted),137,7,5,2,0.051094890510948905,0.0364963503649635,0.014598540145985401
2021-01-17,(data deleted),(data deleted),<Other>,4,0,0,0,0.0,0.0,0.0
2021-01-17,(direct),(none),(direct),686,16,7,0,0.023323615160349854,0.01020408163265306,0.0
2021-01-17,<Other>,<Other>,<Other>,438,12,6,3,0.0273972602739726,0.0136986301369863,0.00684931506849315
2021-01-17,<Other>,organic,(organic),78,5,1,0,0.0641025641025641,0.01282051282051282,0.0
2021-01-17,<Other>,referral,(referral),289,12,4,1,0.041522491349480967,0.01384083044982699,0.0034602076124567475
2021-01-17,google,cpc,<Other>,129,3,0,0,0.023255813953488372,0.0,0.0
2021-01-17,google,organic,(organic),1004,26,9,6,0.025896414342629483,0.0089641434262948214,0.00597609561752988
2021-01-17,shop.googlemerchandisestore.com,referral,(referral),195,8,2,2,0.041025641025641026,0.010256410256410256,0.010256410256410256
2021-01-18,(data deleted),(data deleted),(data deleted),172,11,5,1,0.063953488372093026,0.029069767441860465,0.0058139534883720929
2021-01-18,(data deleted),(data deleted),<Other>,1,0,0,0,0.0,0.0,0.0
2021-01-18,(direct),(none),(direct),804,22,9,3,0.02736318407960199,0.011194029850746268,0.0037313432835820895
2021-01-18,<Other>,(data deleted),(data deleted),2,0,0,0,0.0,0.0,0.0
2021-01-18,<Other>,<Other>,<Other>,567,17,4,3,0.029982363315696647,0.0070546737213403876,0.0052910052910052907
2021-01-18,<Other>,organic,(organic),84,0,0,0,0.0,0.0,0.0
2021-01-18,<Other>,referral,(referral),313,5,4,2,0.015974440894568689,0.012779552715654952,0.0063897763578274758
2021-01-18,google,cpc,<Other>,156,3,2,0,0.019230769230769232,0.01282051282051282,0.0
2021-01-18,google,organic,(organic),1187,37,16,7,0.031171019376579612,0.013479359730412805,0.0058972198820556026
2021-01-18,shop.googlemerchandisestore.com,referral,(referral),275,13,6,2,0.047272727272727272,0.02181818181818182,0.0072727272727272727
2021-01-19,(data deleted),(data deleted),(data deleted),208,20,10,8,0.096153846153846159,0.04807692307692308,0.038461538461538464
2021-01-19,(data deleted),(data deleted),<Other>,8,0,1,0,0.0,0.125,0.0
2021-01-19,(direct),(none),(direct),946,44,22,13,0.046511627906976744,0.023255813953488372,0.013742071881606765
2021-01-19,<Other>,(data deleted),(data deleted),2,0,0,0,0.0,0.0,0.0
2021-01-19,<Other>,<Other>,<Other>,603,16,5,3,0.026533996683250415,0.008291873963515755,0.0049751243781094526
2021-01-19,<Other>,organic,(organic),142,6,1,0,0.042253521126760563,0.0070422535211267607,0.0
2021-01-19,<Other>,referral,(referral),381,14,6,5,0.036745406824146981,0.015748031496062992,0.013123359580052493
2021-01-19,google,cpc,<Other>,177,2,0,0,0.011299435028248588,0.0,0.0
2021-01-19,google,organic,(organic),1309,54,30,14,0.041252864782276549,0.02291825821237586,0.0106951871657754
2021-01-19,shop.googlemerchandisestore.com,referral,(referral),370,19,6,3,0.051351351351351354,0.016216216216216217,0.0081081081081081086
2021-01-20,(data deleted),(data deleted),(data deleted),271,20,15,11,0.073800738007380073,0.055350553505535055,0.040590405904059039
2021-01-20,(data deleted),(data deleted),<Other>,9,1,1,0,0.1111111111111111,0.1111111111111111,0.0
2021-01-20,(direct),(none),(direct),1106,50,30,18,0.045207956600361664,0.027124773960216998,0.0162748643761302
2021-01-20,<Other>,(data deleted),(data deleted),5,1,1,1,0.2,0.2,0.2
2021-01-20,<Other>,<Other>,<Other>,706,34,21,16,0.048158640226628892,0.029745042492917848,0.0226628895184136
2021-01-20,<Other>,organic,(organic),144,8,8,3,0.055555555555555552,0.055555555555555552,0.020833333333333332
2021-01-20,<Other>,referral,(referral),465,24,13,9,0.051612903225806452,0.027956989247311829,0.01935483870967742
2021-01-20,google,cpc,<Other>,198,4,3,2,0.020202020202020204,0.015151515151515152,0.010101010101010102
2021-01-20,google,organic,(organic),1476,73,33,23,0.0494579945799458,0.022357723577235773,0.015582655826558265
2021-01-20,shop.googlemerchandisestore.com,referral,(referral),347,25,15,11,0.072046109510086456,0.043227665706051875,0.031700288184438041
2021-01-21,(data deleted),(data deleted),(data deleted),258,20,14,8,0.077519379844961239,0.054263565891472867,0.031007751937984496
2021-01-21,(data deleted),(data deleted),<Other>,5,3,2,0,0.6,0.4,0.0
2021-01-21,(direct),(none),(direct),1057,60,19,9,0.056764427625354781,0.017975402081362345,0.0085146641438032175
2021-01-21,<Other>,(data deleted),(data deleted),4,0,0,0,0.0,0.0,0.0
2021-01-21,<Other>,<Other>,<Other>,690,22,11,2,0.031884057971014491,0.015942028985507246,0.0028985507246376812
2021-01-21,<Other>,organic,(organic),138,6,1,1,0.043478260869565216,0.007246376811594203,0.007246376811594203
2021-01-21,<Other>,referral,(referral),452,27,13,7,0.059734513274336286,0.028761061946902654,0.015486725663716814
2021-01-21,google,cpc,<Other>,223,6,1,1,0.026905829596412557,0.0044843049327354259,0.0044843049327354259
2021-01-21,google,organic,(organic),1452,50,27,15,0.034435261707988982,0.01859504132231405,0.010330578512396695
2021-01-21,shop.googlemerchandisestore.com,referral,(referral),360,22,15,7,0.061111111111111109,0.041666666666666664,0.019444444444444445
2021-01-22,(data deleted),(data deleted),(data deleted),227,14,13,7,0.061674008810572688,0.057268722466960353,0.030837004405286344
2021-01-22,(data deleted),(data deleted),<Other>,6,0,1,1,0.0,0.16666666666666666,0.16666666666666666
2021-01-22,(direct),(none),(direct),946,42,25,14,0.044397463002114168,0.026427061310782242,0.014799154334038054
2021-01-22,<Other>,(data deleted),(data deleted),5,0,0,0,0.0,0.0,0.0
2021-01-22,<Other>,<Other>,<Other>,574,28,15,9,0.04878048780487805,0.026132404181184669,0.0156794425087108
2021-01-22,<Other>,organic,(organic),125,5,2,2,0.04,0.016,0.016
2021-01-22,<Other>,referral,(referral),398,19,8,6,0.047738693467336682,0.020100502512562814,0.01507537688442211
2021-01-22,google,cpc,<Other>,198,16,12,8,0.080808080808080815,0.060606060606060608,0.040404040404040407
2021-01-22,google,organic,(organic),1215,63,51,29,0.05185185185185185,0.041975308641975309,0.023868312757201648
2021-01-22,shop.googlemerchandisestore.com,referral,(referral),337,23,19,13,0.068249258160237386,0.05637982195845697,0.03857566765578635
2021-01-23,(data deleted),(data deleted),(data deleted),143,10,9,7,0.069930069930069935,0.062937062937062943,0.048951048951048952
2021-01-23,(data deleted),(data deleted),<Other>,3,0,0,0,0.0,0.0,0.0
2021-01-23,(direct),(none),(direct),716,32,21,9,0.0446927374301676,0.029329608938547486,0.012569832402234637
2021-01-23,<Other>,(data deleted),(data deleted),3,1,0,0,0.33333333333333331,0.0,0.0
2021-01-23,<Other>,<Other>,<Other>,501,23,9,3,0.04590818363273453,0.017964071856287425,0.0059880239520958087
2021-01-23,<Other>,organic,(organic),88,2,1,1,0.022727272727272728,0.011363636363636364,0.011363636363636364
2021-01-23,<Other>,referral,(referral),293,15,9,5,0.051194539249146756,0.030716723549488054,0.017064846416382253
2021-01-23,google,cpc,<Other>,146,1,0,0,0.00684931506849315,0.0,0.0
2021-01-23,google,organic,(organic),944,29,19,10,0.030720338983050849,0.020127118644067795,0.01059322033898305
2021-01-23,shop.googlemerchandisestore.com,referral,(referral),251,13,9,5,0.051792828685258967,0.035856573705179286,0.0199203187250996
2021-01-24,(data deleted),(data deleted),(data deleted),136,9,4,2,0.0661764705882353,0.029411764705882353,0.014705882352941176
2021-01-24,(data deleted),(data deleted),<Other>,4,1,1,1,0.25,0.25,0.25
2021-01-24,(direct),(none),(direct),684,24,12,6,0.035087719298245612,0.017543859649122806,0.008771929824561403
2021-01-24,<Other>,(data deleted),(data deleted),3,0,0,0,0.0,0.0,0.0
2021-01-24,<Other>,<Other>,<Other>,422,14,6,3,0.033175355450236969,0.014218009478672985,0.0071090047393364926
2021-01-24,<Other>,organic,(organic),83,1,0,0,0.012048192771084338,0.0,0.0
2021-01-24,<Other>,referral,(referral),293,16,10,3,0.054607508532423209,0.034129692832764506,0.010238907849829351
2021-01-24,google,cpc,<Other>,142,3,3,2,0.021126760563380281,0.021126760563380281,0.014084507042253521
2021-01-24,google,organic,(organic),928,32,23,12,0.034482758620689655,0.024784482758620691,0.012931034482758621
2021-01-24,shop.googlemerchandisestore.com,referral,(referral),233,12,8,6,0.051502145922746781,0.034334763948497854,0.02575107296137339
2021-01-25,(data deleted),(data deleted),(data deleted),216,15,10,5,0.069444444444444448,0.046296296296296294,0.023148148148148147
2021-01-25,(data deleted),(data deleted),<Other>,9,1,0,0,0.1111111111111111,0.0,0.0
2021-01-25,(direct),(none),(direct),874,33,17,12,0.037757437070938218,0.019450800915331808,0.013729977116704805
2021-01-25,<Other>,(data deleted),(data deleted),2,0,0,0,0.0,0.0,0.0
2021-01-25,<Other>,<Other>,<Other>,583,21,12,7,0.036020583190394515,0.020583190394511151,0.012006861063464836
2021-01-25,<Other>,organic,(organic),108,3,2,2,0.027777777777777776,0.018518518518518517,0.018518518518518517
2021-01-25,<Other>,referral,(referral),348,12,9,8,0.034482758620689655,0.025862068965517241,0.022988505747126436
2021-01-25,google,cpc,<Other>,174,5,4,4,0.028735632183908046,0.022988505747126436,0.022988505747126436
2021-01-25,google,organic,(organic),1248,43,20,13,0.034455128205128208,0.016025641025641024,0.010416666666666666
2021-01-25,shop.googlemerchandisestore.com,referral,(referral),300,13,9,6,0.043333333333333335,0.03,0.02
2021-01-26,(data deleted),(data deleted),(data deleted),259,11,12,9,0.042471042471042469,0.04633204633204633,0.034749034749034749
2021-01-26,(data deleted),(data deleted),<Other>,7,0,0,0,0.0,0.0,0.0
2021-01-26,(direct),(none),(direct),895,33,26,13,0.036871508379888271,0.029050279329608939,0.01452513966480447
2021-01-26,<Other>,(data deleted),(data deleted),5,0,0,0,0.0,0.0,0.0
2021-01-26,<Other>,<Other>,<Other>,596,16,4,1,0.026845637583892617,0.0067114093959731542,0.0016778523489932886
2021-01-26,<Other>,organic,(organic),116,5,2,2,0.043103448275862072,0.017241379310344827,0.017241379310344827
2021-01-26,<Other>,referral,(referral),381,12,7,4,0.031496062992125984,0.018372703412073491,0.010498687664041995
2021-01-26,google,cpc,<Other>,192,5,4,1,0.026041666666666668,0.020833333333333332,0.005208333333333333
2021-01-26,google,organic,(organic),1277,45,19,11,0.035238841033672669,0.014878621769772905,0.0086139389193422081
2021-01-26,shop.googlemerchandisestore.com,referral,(referral),320,13,8,6,0.040625,0.025,0.01875
2021-01-27,(data deleted),(data deleted),(data deleted),274,13,14,6,0.047445255474452552,0.051094890510948905,0.021897810218978103
2021-01-27,(data deleted),(data deleted),<Other>,6,0,0,0,0.0,0.0,0.0
2021-01-27,(direct),(none),(direct),958,55,25,9,0.057411273486430062,0.026096033402922755,0.0093945720250521916
2021-01-27,<Other>,(data deleted),(data deleted),5,0,0,0,0.0,0.0,0.0
2021-01-27,<Other>,<Other>,<Other>,612,32,17,7,0.052287581699346407,0.027777777777777776,0.011437908496732025
2021-01-27,<Other>,organic,(organic),130,7,5,1,0.053846153846153849,0.038461538461538464,0.0076923076923076927
2021-01-27,<Other>,referral,(referral),411,19,10,6,0.046228710462287104,0.024330900243309004,0.014598540145985401
2021-01-27,google,cpc,<Other>,178,6,2,1,0.033707865168539325,0.011235955056179775,0.0056179775280898875
2021-01-27,google,organic,(organic),1357,49,18,6,0.036109064112011792,0.013264554163596167,0.0044215180545320561
2021-01-27,shop.googlemerchandisestore.com,referral,(referral),340,19,13,5,0.055882352941176473,0.038235294117647062,0.014705882352941176
2021-01-28,(data deleted),(data deleted),(data deleted),247,27,14,12,0.10931174089068826,0.056680161943319839,0.048582995951417005
2021-01-28,(data deleted),(data deleted),<Other>,2,0,0,0,0.0,0.0,0.0
2021-01-28,(direct),(none),(direct),988,39,20,13,0.039473684210526314,0.020242914979757085,0.013157894736842105
2021-01-28,<Other>,(data deleted),(data deleted),3,0,0,0,0.0,0.0,0.0
2021-01-28,<Other>,<Other>,<Other>,592,24,7,5,0.040540540540540543,0.011824324324324325,0.0084459459459459464
2021-01-28,<Other>,organic,(organic),117,4,1,1,0.034188034188034191,0.0085470085470085479,0.0085470085470085479
2021-01-28,<Other>,referral,(referral),395,18,9,5,0.045569620253164557,0.022784810126582278,0.012658227848101266
2021-01-28,google,cpc,<Other>,167,9,6,1,0.053892215568862277,0.035928143712574849,0.0059880239520958087
2021-01-28,google,organic,(organic),1209,31,18,10,0.02564102564102564,0.01488833746898263,0.008271298593879239
2021-01-28,shop.googlemerchandisestore.com,referral,(referral),336,19,9,6,0.056547619047619048,0.026785714285714284,0.017857142857142856
2021-01-29,(data deleted),(data deleted),(data deleted),225,18,11,6,0.08,0.048888888888888891,0.026666666666666668
2021-01-29,(data deleted),(data deleted),<Other>,4,0,0,0,0.0,0.0,0.0
2021-01-29,(direct),(none),(direct),880,41,28,16,0.046590909090909093,0.031818181818181815,0.018181818181818181
2021-01-29,<Other>,(data deleted),(data deleted),2,0,0,0,0.0,0.0,0.0
2021-01-29,<Other>,<Other>,<Other>,537,19,9,3,0.035381750465549346,0.016759776536312849,0.00558659217877095
2021-01-29,<Other>,organic,(organic),123,7,1,0,0.056910569105691054,0.008130081300813009,0.0
2021-01-29,<Other>,referral,(referral),348,12,10,8,0.034482758620689655,0.028735632183908046,0.022988505747126436
2021-01-29,google,cpc,<Other>,156,10,4,1,0.0641025641025641,0.02564102564102564,0.00641025641025641
2021-01-29,google,organic,(organic),1181,35,18,11,0.029635901778154106,0.015241320914479255,0.0093141405588484331
2021-01-29,shop.googlemerchandisestore.com,referral,(referral),285,17,10,8,0.059649122807017542,0.035087719298245612,0.028070175438596492
2021-01-30,(data deleted),(data deleted),(data deleted),153,9,8,4,0.058823529411764705,0.052287581699346407,0.026143790849673203
2021-01-30,(direct),(none),(direct),664,29,13,8,0.043674698795180725,0.019578313253012049,0.012048192771084338
2021-01-30,<Other>,(data deleted),(data deleted),2,0,0,0,0.0,0.0,0.0
2021-01-30,<Other>,<Other>,<Other>,413,12,5,1,0.029055690072639227,0.012106537530266344,0.0024213075060532689
2021-01-30,<Other>,organic,(organic),94,2,0,0,0.021276595744680851,0.0,0.0
2021-01-30,<Other>,referral,(referral),276,8,2,2,0.028985507246376812,0.007246376811594203,0.007246376811594203
2021-01-30,google,cpc,<Other>,129,4,0,0,0.031007751937984496,0.0,0.0
2021-01-30,google,organic,(organic),863,29,16,6,0.033603707995365009,0.018539976825028968,0.0069524913093858632
2021-01-30,shop.googlemerchandisestore.com,referral,(referral),213,11,6,4,0.051643192488262914,0.028169014084507043,0.018779342723004695
2021-01-31,(data deleted),(data deleted),(data deleted),137,8,3,2,0.058394160583941604,0.021897810218978103,0.014598540145985401
2021-01-31,(data deleted),(data deleted),<Other>,5,1,1,0,0.2,0.2,0.0
2021-01-31,(direct),(none),(direct),631,30,14,7,0.047543581616481777,0.022187004754358162,0.011093502377179081
2021-01-31,<Other>,(data deleted),(data deleted),3,0,0,0,0.0,0.0,0.0
2021-01-31,<Other>,<Other>,<Other>,404,17,10,4,0.042079207920792082,0.024752475247524754,0.0099009900990099011
2021-01-31,<Other>,organic,(organic),67,1,1,0,0.014925373134328358,0.014925373134328358,0.0
2021-01-31,<Other>,referral,(referral),256,4,4,0,0.015625,0.015625,0.0
2021-01-31,google,cpc,<Other>,152,0,0,0,0.0,0.0,0.0
2021-01-31,google,organic,(organic),888,31,15,4,0.034909909909909907,0.016891891891891893,0.0045045045045045045
2021-01-31,shop.googlemerchandisestore.com,referral,(referral),215,8,6,1,0.037209302325581395,0.027906976744186046,0.0046511627906976744